{
    "answers": {
        "phase": "requirements gathering",
        "action": "problem understanding",
        "scope": "documentation (text)", 
        "action experience": "fair",
        "prog lang": "n/a",
        "other prog lang": "<fill in>",
        "tool": "chat gpt 3.x",
        "other tool": "<fill in>",
        "tool option": "free",
        "tool experience": "enough",
        "time allocated (h)": "2",
        "time saved estimate (h)": "5", 
        "quality of ai help": "minor modifications needed",
        "generic feeling":"needs work",
        "notes": "<fill in>"
    }
}