{
    "answers": {
        "phase":"requirements gathering",
        "action": "problem understanding",
        "scope": "documentation (text)",
        "action experience": "fair",
        "prog lang": "n/a",
        "other prog lang": "<fill in>",
        "tool": "chat gpt 3.x",
        "other tool": "<fill in>",
        "tool option": "free",
        "tool experience": "enough",
        "time allocated (h)": "1",
        "time saved estimate (h)": "4", 
        "quality of ai help": "ready-to-use",
        "generic feeling": "needs work",
        "notes": "<fill in>"
    }
}