{
    "answers": {
        "phase": "requirements specification",
        "action": "problem understanding",
        "scope": "frontend",
        "action experience":"fair",
        "prog lang": "n/a",
        "other prog lang": "<fill in>",
        "tool": "chat gpt 3.x",
        "other tool": "<fill in>",
        "tool option": "free", 
        "tool experience": "enough",
        "time allocated (h)": "1",
        "time saved estimate (h)": "3", 
        "quality of ai help": "minor modifications needed",
        "generic feeling":"needs work",
        "notes": "<fill in>"
    }
}