{
    "answers": {
        "phase": "coding", 
        "action": "source code authoring",
        "scope": "backend",
        "action experience": "fair",
        "prog lang": "js-node", 
        "other prog lang": "<fill in>",
        "tool": "bard",
        "other tool": "<fill in>",
        "tool option": "free",
        "tool experience": "enough",
        "time allocated (h)": "0.2",
        "time saved estimate (h)": "0.1", 
        "quality of ai help": "major modifications needed", 
        "generic feeling": "needs work",
        "notes": "<fill in>"
    }
}
