{
    "answers": {
        "phase": "coding", 
        "action":"source code authoring", 
        "scope": "api",
        "action experience": "fair",
        "prog lang": "js-node",
        "other prog lang": "<fill in>",
        "tool": "chat gpt 3.x",
        "other tool": "<fill in>",
        "tool option": "free",
        "tool experience":  "enough",
        "time allocated (h)": "0.1",
        "time saved estimate (h)": "0.3", 
        "quality of ai help": "minor modifications needed", 
        "generic feeling": "great as-is", 
        "notes": "<fill in>"
    }
}
