{
    "answers": {
        "phase": "design",
        "action": "design decision",
        "scope":  "uml class",
        "action experience": "little",
        "prog lang": "n/a", 
        "other prog lang": "<fill in>",
        "tool": "chat gpt 3.x",
        "other tool": "<fill in>",
        "tool option": "free", 
        "tool experience": "enough",
        "time allocated (h)": "0.2",
        "time saved estimate (h)": "1", 
        "quality of ai help": "ready-to-use", 
        "generic feeling": "great as-is",
        "notes": "<fill in>"
    }
}
