{
    "answers": {
        "phase":"coding", 
        "action": "code management",
        "scope": "cli",
        "action experience": "little",
        "prog lang": "js-node",
        "other prog lang": "<fill in>",
        "tool": "chat gpt 3.x", 
        "other tool": "<fill in>",
        "tool option": "free", 
        "tool experience": "enough",
        "time allocated (h)": "1",
        "time saved estimate (h)": "2", 
        "quality of ai help": "minor modifications needed",
        "generic feeling": "needs work", 
        "notes": "<fill in>"
    }
}